[{"title":"Dell laptop bag","location":" (Orland Park)","link":"http://chicago.craigslist.org/sox/zip/4878079752.html"},{"title":"flip down sunglasses","location":" (Orland Park)","link":"http://chicago.craigslist.org/sox/zip/4878079107.html"},{"title":"Free RCA 52\" Projection HDTV Needs Repair","location":" (Roselle)","link":"http://chicago.craigslist.org/nwc/zip/4866129460.html"},{"title":"Misc household items","location":" (Highland Park)","link":"http://chicago.craigslist.org/nch/zip/4878066201.html"},{"title":"Men Shirt New","location":" (Rogers Park)","link":"http://chicago.craigslist.org/nch/zip/4873352551.html"},{"title":"Free Shredded Paper","location":" (Riverside)","link":"http://chicago.craigslist.org/wcl/zip/4878004904.html"},{"title":"Free Gerber Formula","location":"","link":"http://chicago.craigslist.org/chc/zip/4868151548.html"},{"title":"Free LUMBER from 1929 barrel truss building . Be there tmrw 7.30am","location":" (3515 w armitage)","link":"http://chicago.craigslist.org/chc/zip/4877953704.html"},{"title":"Entertainment Center","location":" (Elgin)","link":"http://chicago.craigslist.org/nwc/zip/4877948606.html"},{"title":"Computer Desk and Hutch","location":" (Elgin)","link":"http://chicago.craigslist.org/nwc/zip/4877946476.html"}]